Kabupaten_Kota,Tingkat_Penduduk_Miskin,Rata-rata Lama Sekolah,Indeks Pembangunan Gender,Usia Harapan Hidup,PengeluaranPerKapita,Harapan Lama Sekolah,Produk Domestik Regional Bruto,Indeks Kemahalan Konstruksi,PengeluaranPerkapita_Rokok
Simeulue,17.69,9.89,79.78,65.73,8106,14.53,3150.76,108.8,22876
Aceh Singkil,19.06,8.72,85.51,67.89,9862,14.36,3441.08,94.32,24703
Aceh Selatan,12.02,8.92,92.24,64.97,9190,14.71,7466.23,98.65,22777
Aceh Tenggara,11.99,10.1,93.28,68.78,8876,14.47,6737.89,93.43,24582
Aceh Timur,13.26,8.48,87.26,69.18,9889,13.08,14935.34,95.47,28377
Aceh Tengah,14.27,10.03,97.89,69.3,11805,15.03,10721.42,100.11,28471
Aceh Barat,17.6,9.99,86.67,68.48,10548,14.93,14053.24,93.49,30301
Aceh Besar,13.21,10.37,95.37,70.29,10810,14.77,18412.05,95.73,20848
Pidie,18.59,9.04,93.98,67.41,11187,14.52,14549.43,92.66,18355
Bireuen,12.1,9.59,95.09,71.83,10150,14.88,18380.96,94.12,18276
Aceh Utara,16.11,9.11,93.36,69.28,9374,14.75,30083.73,102.71,16916
Aceh Barat Daya,15.32,8.78,90.44,65.65,9559,13.69,5367.93,92.68,27257
Gayo Lues,18.3,8.44,90.08,66.03,9967,14.59,3583.01,94.18,28080
Aceh Tamiang,12.17,9.3,82.66,70.21,9529,14.51,11542.4,94.91,18310
Nagan Raya,16.94,9.25,91.32,69.75,9523,14.18,12431.71,97.41,27762
Aceh Jaya,12.25,9.02,90.12,67.69,11007,14.06,3606.65,98.86,35104
Bener Meriah,18.18,10.13,96.73,69.79,12360,13.73,6520.63,96.4,34668
Pidie Jaya,18.28,9.59,95.28,70.77,11274,15.01,4724.84,92.33,23881
Kota Banda Aceh,6.95,13.1,96.18,72.17,18100,17.94,26025.15,94.74,23781
Kota Sabang,14.58,11.22,95.74,71.17,12625,14.97,1861.1,102.78,25522
Kota Langsa,10.33,11.28,95.88,69.92,13133,15.71,7323.86,92.08,19039
Kota Lhokseumawe,10.44,11.31,95.73,72.25,12694,15.55,11848.24,100.91,17767
Kota Subulussalam,16.38,8.43,85.88,64.51,8491,15.31,2761.85,97.17,26564
Nias,14.89,6.4,91.22,70.52,7698,13.31,5304.62,110.03,12743
Mandailing Natal,8.69,9.11,93.88,63.65,10644,13.87,20279.38,93.25,24819
Tapanuli Selatan,6.92,9.56,90.75,65.74,12213,13.72,21276.31,93.67,23791
Tapanuli Tengah,11.8,8.92,95.38,68.18,11128,13.5,13671.28,100.58,24529
Tapanuli Utara,8.21,10.31,97.69,69.77,12382,13.74,11279.15,94.53,28254
Toba Samosir,8.07,10.77,98.24,71.42,12960,13.6,10284.43,94.11,26361
Labuhan Batu,7.84,9.5,90.85,70.99,12102,13.26,50801.78,96.25,28151
Asahan,8.12,8.85,92.06,69.27,12301,12.65,57457.93,93.06,27138
Simalungun,7.72,9.73,93.41,72.38,12119,13.09,58906.11,96.2,26164
Dairi,7.1,9.89,98.37,70.27,11355,13.53,12693.88,101.58,28684
Karo,7.37,10.12,96.49,72.44,13278,13.26,28867.89,100.54,40050
Deli Serdang,3.44,10.29,92.15,72.48,13279,13.4,151451.4,89.32,20631
Langkat,9.04,8.74,89.05,69.9,12080,13.28,62411.48,94.62,25720
Nias Selatan,16.32,6.52,89.84,69.8,7730,12.92,9128.45,110.59,10470
Humbang Hasundutan,8.44,10.13,97.42,70.49,8844,13.46,8272.39,97.48,23584
Pakpak Bharat,6.87,9.73,99.2,67.24,9158,13.91,1718.75,99.12,26207
Samosir,11.63,9.61,96.93,72.41,9634,13.52,6100.41,103.17,30038
Serdang Bedagai,6.97,9.12,89.07,69.83,12015,12.65,42012.01,93.59,19610
Batu Bara,10.94,8.51,84.06,68.11,11373,13.12,47317.58,88.66,25557
Padang Lawas Utara,8.97,9.82,88.47,67.99,10925,13.54,17831.27,93.95,31556
Padang Lawas,7.87,9.63,86.97,67.87,9821,13.87,18330.4,93.07,32259
Labuhan Batu Selatan,7.73,9.19,88.88,69.73,12353,13.53,41909.64,96.57,30287
Labuhan Batu Utara,8.98,9.14,90.6,70.47,12839,13.58,36582,95.16,25832
Nias Utara,21.5,7.05,80.92,70.44,7189,13.37,4790.41,107.35,11544
Nias Barat,22.68,7.26,87.57,70.2,6740,12.99,2531.58,115.36,10269
Kota Sibolga,11.39,10.45,98,70.38,12713,13.43,7201.6,102.94,29266
Kota Tanjung Balai,11.97,9.69,90.89,64.44,12264,13.15,12207.74,94.78,27600
Kota Pematang Siantar,7.2,11.82,96.65,75.05,13349,14.61,17351.67,92.05,22165
Kota Tebing Tinggi,8.79,10.87,93.89,71.78,13900,13.13,7875.11,95.16,19193
Kota Medan,7.94,11.79,94.49,74.16,16069,14.79,329609.2,94.2,17146
Kota Binjai,4.75,11.2,91.38,73.28,12015,14.18,15588.75,92.06,18979
Kota Padangsidimpuan,6.23,11.13,97.46,70.43,11964,14.62,8576.98,95.61,25197
Kota Gunungsitoli,14.72,8.76,90.24,72.25,9056,13.79,7321.91,103.43,12521
Kepulauan Mentawai,13.89,8.03,90.13,65.27,7192,12.91,6245.8,118.65,34402
Pesisir Selatan,7.49,8.81,95.83,71.59,10211,13.37,19182.15,92.61,26986
Solok,7.31,7.91,96.22,69.8,10988,13.56,18391.99,94.5,27983
Sijunjung,5.78,8.62,94.39,67.32,11395,12.76,12488.94,91.18,25455
Tanah Datar,4.28,9.29,97.48,70.96,11223,15.05,17496.03,92.26,22859
Padang Pariaman,6.27,8.42,93.92,70.1,11756,14.2,26808.95,88.15,22456
Agam,6.83,9.23,97.09,73.47,10686,14.16,27975.68,90.2,21985
Lima Puluh Kota,6.92,8.13,94.86,70.46,10648,13.42,20850.62,90.18,28638
Pasaman,6.74,8.14,92.91,68.61,9194,13.52,12165.24,90.35,21329
Solok Selatan,6.56,8.85,95.53,68.99,11240,13.07,7587.87,91.49,31929
Dharmasraya,5.32,8.98,89.71,72.6,12254,12.89,14327.63,91.19,33379
Pasaman Barat,7,8.99,90.32,68.81,9888,13.72,21115.66,94.6,33210
Kota Padang,4.06,11.63,94.04,74.42,15458,16.57,84182.56,94.36,24681
Kota Solok,3.07,11.37,96.9,74.73,12995,14.37,5561.16,92.71,24867
Kota Sawah Lunto,2.33,10.53,95.73,70.92,11187,13.86,5058,92.19,27329
Kota Padang Panjang,5.31,12,98.23,73.61,11840,15.47,4756.96,90.3,33658
Kota Bukittinggi,4.08,11.65,98.66,75.42,14297,15.28,11747.42,95.45,20729
Kota Payakumbuh,5.19,10.89,98.93,74.77,14260,14.57,9421,90.32,24217
Kota Pariaman,4.26,11.06,98.11,71.17,13784,14.8,6801.89,90.87,20263
Kuantan Singingi,7.89,9.14,90.69,69.44,11182,13.38,51995.69,86.92,28756
Indragiri Hulu,6.02,8.43,87.41,70.86,11333,12.6,60477.84,95.28,29330
Indragiri Hilir,5.66,7.32,83.7,68.7,11050,12.21,94985.06,100.51,22302
Pelalawan,8.49,8.96,89.44,72.13,12575,12.91,77685.96,95.67,31213
Siak,5.08,9.92,89.03,71.75,13080,12.89,121122.8,95.84,26643
Kampar,6.92,9.58,90.18,71.56,12034,13.61,116424.3,94.39,29151
Rokan Hulu,9.62,8.94,83.05,70.95,10586,12.94,56646.72,94.53,41371
Bengkalis,6.36,9.74,89.91,71.92,12321,13.44,175713.8,98.5,30291
Rokan Hilir,7.01,8.53,85.81,71.11,10447,12.89,102493.6,102.43,27687
Kepulauan Meranti,23.15,8.12,87.44,68.48,8988,12.87,27468.84,102.89,24898
Kota Pekanbaru,3.15,11.96,94.04,73.21,15212,15.84,171306.5,90.22,23004
Kota Dumai,3.14,10.29,91.35,71.78,12847,13.35,52668.1,97.25,28996
Kerinci,6.93,8.6,87.49,70.8,11441,13.92,14719.25,97.95,27965
Merangin,8.4,8.4,88.84,71.95,11425,12.26,25472.37,95.59,27841
Sarolangun,8.36,8.35,92,69.92,12679,12.6,22701.23,94.04,28544
Batang Hari,8.63,8.35,85.95,71.55,10872,12.97,26149.8,90.1,24910
Muaro Jambi,3.65,8.7,82.47,72.09,10007,13.37,40475.99,96.85,29796
Tanjung Jabung Timur,10.14,7.7,88.09,67.26,10328,12.21,27296.26,101.04,25288
Tanjung Jabung Barat,9.54,8.32,86.53,68.91,10696,12.68,55732.85,101.51,26130
Tebo,6.12,8.04,91.87,70.69,11415,12.93,23908.92,91.68,25755
Bungo,5.06,8.6,88.95,68.71,12820,12.67,27356.37,89.12,34372
Kota Jambi,7.73,11.51,95.18,73.66,13388,15.55,43375.48,94.24,20221
Kota Sungai Penuh,2.92,10.48,94.7,73.2,11499,14.84,10280.79,97.3,25713
Ogan Komering Ulu,10.68,8.86,94.43,69.02,11339,13,20465.17,83.37,19668
Ogan Komering Ilir,12.08,7.19,92.6,69.48,12305,11.98,46649.01,93.42,22672
Muara Enim,9.79,8.27,90.14,69.93,12291,12.02,116724.4,94.79,23061
Lahat,14.14,8.69,94.99,67.11,11255,12.45,29980.66,85.48,27051
Musi Rawas,13.44,7.57,86.78,69.15,11058,12.23,25471.85,90.62,22638
Musi Banyuasin,12.88,7.95,83.78,69.72,11424,12.33,92666.87,92.7,27069
Banyu Asin,9.31,7.48,89.9,69.96,11277,12.34,39630.12,93.46,23179
Ogan Komering Ulu Selatan,9.86,8.25,92.43,68.25,9680,11.82,11908.37,89.75,24045
Ogan Komering Ulu Timur,9.75,8.08,94.83,70,12623,12.49,21239.75,92.51,18837
Ogan Ilir,12.3,8.09,98.89,66.54,12093,12.42,15240.88,87.91,20998
Empat Lawang,10.78,7.68,93.79,65.87,10889,12.11,6722.01,89.46,19590
Penukal Abab Lematang Ilir,9.82,7.27,93.63,69.17,9604,12.5,9386.33,93.56,21462
Musi Rawas Utara,17.38,7.51,92.71,66.56,11198,11.9,9696.34,93.81,23687
Kota Palembang,9.77,10.93,96.64,72.35,16150,14.46,208196.7,85.89,17296
Kota Prabumulih,10.13,10.36,94.09,71.59,13982,13.41,10533.23,89.82,13145
Kota Pagar Alam,8.18,9.44,95.12,67.98,10245,13.5,3811.06,93.79,22736
Kota Lubuklinggau,11.14,9.94,95.27,70.59,14672,13.69,8717.86,91.18,16059
Bengkulu Selatan,17.1,9.42,94.76,68.53,11040,13.66,7864.1,95.51,24842
Rejang Lebong,14.65,8.81,94.31,69.42,11385,14.2,13066.13,93.15,23385
Bengkulu Utara,10.96,8.32,91.59,68.99,11715,12.92,12781.53,91,25574
Kaur,17.12,8.47,87.71,67.51,9742,13.15,4963.57,97.76,30197
Seluma,17.23,8.14,86.4,68.53,9474,13.33,6344.92,95.39,29302
Mukomuko,10.76,8.57,85.11,67.57,11665,12.87,7566.42,99.2,38567
Lebong,10.45,8.41,92.09,64.13,12362,12.91,4580.72,93.63,29611
Kepahiang,12.9,8.37,96.08,68.61,10620,13.16,6265.45,90.08,23495
Bengkulu Tengah,10.14,7.71,87.43,68.64,10672,13.47,6781.9,92.01,24260
Kota Bengkulu,13.76,11.84,96.13,71.03,15542,16.07,33148.31,94.72,24136
Lampung Barat,10.68,8.56,93.52,68.4,10965,12.3,9903.24,92.22,28790
Tanggamus,10.28,7.38,91.42,69.56,10524,12.33,21197.58,87.91,23902
Lampung Selatan,12.57,7.78,90.09,70.32,11133,12.65,60320.97,88.62,25821
Lampung Timur,13.19,8.2,89.52,71.53,11262,12.98,56851.33,85.93,21090
Lampung Tengah,10.37,7.97,90.21,70.55,12595,13.17,97093.49,86.72,20229
Lampung Utara,16.92,8.38,89.97,70.13,9837,12.56,31814.54,88.77,23246
Way Kanan,10.43,7.75,88.75,70.16,10439,12.44,19221.92,89.19,22864
Tulangbawang,7.88,7.65,90.33,70.56,12122,12.3,30499.19,90.65,24279
Pesawaran,11.86,8,88.32,70.13,9190,12.63,21666.78,85.36,25400
Pringsewu,8.32,8.53,93.03,71.21,11543,12.93,15098.16,88.05,19958
Mesuji,6.31,7.21,85.11,69.04,9454,11.82,14153.34,92.43,24873
Tulang Bawang Barat,7.22,7.8,89.1,70.64,9646,12.12,15594.89,93.52,26027
Pesisir Barat,12.64,8.73,94.48,64.69,9550,12.16,6138.24,95.14,35613
Kota Bandar Lampung,7.37,10.99,94.16,72.24,13667,14.73,79853,86.01,21751
Kota Metro,6.78,11.01,95.99,72.44,13092,14.79,8480.49,86.9,22206
Bangka,4.24,8.45,89.07,71.8,13205,13.12,20003.49,106.79,29229
Belitung,6.11,9.05,89.7,71.75,14449,12.09,14151.24,103.8,28685
Bangka Barat,2.59,7.48,90.35,70.59,13199,11.79,19684.3,104.98,34830
Bangka Tengah,5.94,7.24,91.96,72.36,13677,12.15,11815.1,102.59,30449
Bangka Selatan,3.74,6.93,85.25,69.24,12718,11.71,12028.98,104.17,29983
Belitung Timur,6.36,8.99,87.69,72.85,12610,11.69,10973.33,105.22,41665
Kota Pangkal Pinang,4.04,10.67,93.82,74.24,16750,13.3,18939.59,110.21,24347
Karimun,5.78,8.91,91.61,72.2,13287,12.62,18330.9,108.15,22476
Bintan,5.44,9.15,94.05,71.21,15078,13.45,30365.73,105.63,19541
Natuna,5.04,9.2,91.82,66.41,15560,13.94,22692.67,116.22,23574
Lingga,9.99,7.6,91.12,63.73,12906,12.65,5603.83,111.31,19417
Kepulauan Anambas,6.67,7.53,91.58,68.37,12983,13.06,18005.12,126.75,34353
Kota Batam,4.85,11.21,95.72,74.28,19668,13.56,233047.8,110.64,21161
Kota Tanjung Pinang,6.86,10.67,97.02,73.02,16663,14.18,25021.53,106.28,14134
Kepulauan Seribu,13.03,9.26,93.62,69.78,14110,12.67,8102.98,122.21,35486
Kota Jakarta Selatan,3.03,11.95,97.3,75.02,25573,13.94,850297,112.22,23536
Kota Jakarta Timur,4.09,11.99,95.9,75.38,19193,14.07,630608.9,109.6,16611
Kota Jakarta Pusat,4.63,11.61,96.24,75.09,18661,13.31,922861.1,119.14,20822
Kota Jakarta Barat,3.94,11.24,95.66,74.48,22119,13.14,627869.6,113.41,19681
Kota Jakarta Utara,6.44,10.85,94.43,73.69,20032,12.7,670179.1,112.64,22720
Bogor,7.05,8.39,90.17,72.16,11563,12.75,311713.2,115.39,23651
Sukabumi,6.87,7.34,88.59,72.06,9815,12.39,88142.36,103.12,27723
Cianjur,10.14,7.33,85.45,70.96,9026,12.04,64403.51,103.18,26964
Bandung,6.19,9.15,94.23,74.53,11392,12.74,165609.4,111.3,25150
Garut,9.68,7.85,83.5,72.28,9168,12.17,78825.14,102.23,24589
Tasikmalaya,10.23,7.97,87.1,70.39,8965,12.64,49783.14,98.5,24599
Ciamis,7.39,8.1,87.48,72.87,10085,14.3,43236.85,99.55,27939
Kuningan,11.88,7.9,87.55,74.53,10418,12.27,35535.77,98.27,22509
Cirebon,11,7.65,84.74,73.04,11529,12.42,67196.03,104.51,21488
Majalengka,10.82,7.53,87.16,71.31,10842,12.27,46302.88,102.13,21461
Sumedang,9.1,8.74,95.55,73.45,11589,13.02,47128.14,103.47,27453
Indramayu,11.93,6.95,89.03,72.77,11010,12.32,105588.9,104.92,29404
Subang,9.49,7.46,91.55,73.51,11894,12.11,54946.11,105.33,32381
Purwakarta,8.41,8.14,87.18,71.99,13099,12.25,88254.55,104.89,26462
Karawang,7.86,8.05,91.23,73.14,12942,12.21,309842.9,108.74,29837
Bekasi,4.8,9.76,89.72,74.57,12500,13.18,421323.5,108.56,23984
Bandung Barat,10.49,8.24,81.02,73.34,9583,12,61236.34,111.02,22565
Pangandaran,8.75,8.1,90.38,72.41,9654,12.31,15474.58,92.92,29356
Kota Bogor,6.53,10.71,91.26,74.74,13154,13.51,61051.67,112.47,21635
Kota Sukabumi,7.2,10.38,92.59,73.35,12252,13.62,16370.38,102.8,21837
Kota Bandung,3.87,11.07,94.87,75.37,18795,14.25,371845.6,117.19,29979
Kota Cirebon,9.02,10.53,95.83,73.34,12869,13.17,30540.17,105.18,18828
Kota Bekasi,4.01,11.79,93.62,76.12,16775,14.14,129351.9,106.59,27185
Kota Depok,2.34,11.59,93.7,75.55,16640,14.11,94149.54,109.97,25098
Kota Cimahi,4.39,11.52,92.28,75.1,13278,13.85,43422.59,112.94,25434
Kota Tasikmalaya,11.1,9.63,92.22,73.16,11431,13.5,29612.77,103.86,22184
Kota Banjar,5.85,8.83,88.12,72.03,11811,13.28,5549.26,98.04,21325
Cilacap,10.68,7.4,87.41,74.57,11868,12.69,135990.9,101.76,20057
Banyumas,11.95,7.91,89.27,74.34,12960,13.34,74162.92,100.9,19337
Purbalingga,14.18,7.36,93.74,73.56,11343,12.03,33357.33,99.9,17395
Banjarnegara,14.71,6.87,95.19,74.66,10595,11.83,29231.22,100.41,17631
Kebumen,15.71,7.87,93.41,73.96,10176,13.39,38605.46,98.3,14081
Purworejo,10.87,8.65,95.11,75.51,11584,13.55,24800.93,99.38,15066
Wonosobo,15.28,6.9,93.02,72.4,11980,11.81,25028.17,99.74,17333
Magelang,10.83,7.83,92.56,74.45,10926,12.62,43736,99.28,17778
Boyolali,9.63,8.17,94.79,76.44,14195,12.67,45853.42,100.85,19845
Klaten,12.04,9.29,95.9,77.3,13513,13.43,55249.45,100.31,17247
Sukoharjo,7.47,10.01,98.08,78.01,12758,13.92,49987.03,100.45,16599
Wonogiri,10.71,7.68,92.38,76.84,10634,12.61,39761.92,100.13,15125
Karanganyar,9.59,9.26,97.16,77.91,12732,13.73,51331.5,103.37,14637
Sragen,12.41,7.88,92.62,76.18,13890,12.93,52433.72,101.67,19720
Grobogan,11.43,7.29,86.45,75.24,11548,12.48,37505.78,102.22,22210
Blora,11.42,7.26,85.89,74.84,10926,12.6,33231.25,103.85,22782
Rembang,14.02,7.73,88.03,74.97,11830,12.3,25794.3,102.46,24406
Pati,9.17,7.82,92.55,76.56,11829,12.98,59014.63,104.52,23281
Kudus,7.23,9.35,94.01,77.08,12533,13.28,128611.8,104.64,19826
Jepara,6.09,8.27,91.71,76.21,11729,12.86,40564.22,104.76,20262
Demak,11.89,8.28,91.25,75.79,11591,13.36,35458.78,104.26,21876
Semarang,6.96,8.16,96.74,76.14,13377,13.06,65584.85,105.78,19596
Temanggung,8.67,7.53,96.27,75.95,10519,12.62,28923.6,99.95,13492
Kendal,9.35,7.74,94.34,74.73,13277,13,58836.99,102.28,20417
Batang,8.73,7.08,92.68,75.03,10919,12.17,30389.48,101.8,21742
Pekalongan,8.95,7.48,92.96,74,11701,12.46,30223.56,101.29,20486
Pemalang,14.92,6.56,87.37,73.99,10017,12.02,34889.22,104.1,22325
Tegal,6.81,7.36,88.85,72.16,10972,12.96,47721.31,101.18,17210
Brebes,15.6,6.41,87.61,70.29,11389,12.45,62045.49,104.48,21077
Kota Magelang,5.94,11.43,96.73,77.53,13619,14.62,11821.94,98.85,17153
Kota Surakarta,8.31,11.25,97.54,77.9,16291,15.07,64700.97,103.08,14199
Kota Salatiga,4.57,11.48,95.59,78.26,17096,15.46,18079.27,104.58,20207
Kota Semarang,4.03,11.05,96.37,78.24,16990,15.57,267551.4,105.04,18614
Kota Pekalongan,6.71,9.34,95.56,74.8,14547,12.89,14766.95,103.37,18219
Kota Tegal,7.64,9.28,93.95,74.87,14358,13.25,20660.52,104.5,17146
Kulon Progo,15.62,9.2,95.29,75.41,10990,14.49,16911.59,102.56,13574
Bantul,11.66,9.81,95.67,74.17,16851,15.63,36478.72,105.13,16145
Gunung Kidul,15.18,7.35,86.67,74.35,10630,13.4,26705.33,107.97,14858
Sleman,7.46,11.33,96.52,75.29,17586,16.79,63683.2,106.63,19031
Kota Yogyakarta,6.26,12.12,98.65,75.11,20603,17.66,49389.88,102.25,14086
Pacitan,13.08,7.9,86.46,73.04,10099,12.69,20656.58,91.07,9126
Ponorogo,9.11,7.8,94.6,73.74,11065,13.78,27047.08,97.17,14632
Trenggalek,10.5,7.92,92.68,74.83,10872,12.63,24364.74,97.25,10995
Tulungagung,6.28,8.68,95.56,75.11,11966,13.36,51246.65,93.25,13516
Blitar,8.16,7.87,93.65,74.54,12020,12.67,47779.19,90.03,14627
Kediri,9.95,8.26,93.41,73.47,12388,13.63,54649.67,91.51,18859
Malang,8.98,7.8,88.91,73.45,11190,13.49,138423.2,98.86,20661
Lumajang,8.65,7.27,89.43,71.14,10124,12.41,43059.45,91.96,17048
Jember,9.01,6.54,85.79,70.2,10700,13.5,102757.7,93.28,16995
Banyuwangi,6.54,7.78,87.57,71.57,13320,13.14,108922.6,96.67,22973
Bondowoso,12.6,6.53,91.22,67.76,11689,13.33,26543.06,93.02,21429
Situbondo,11.51,6.93,87.73,70.11,11216,13.2,27101.63,91.91,20943
Probolinggo,16.45,6.31,86.63,68.28,12258,12.64,45675.15,93.78,18428
Pasuruan,8.63,7.46,91.17,71,11617,12.78,201665.1,95.97,22044
Sidoarjo,4.53,10.91,94.9,74.91,15710,15.22,296887.1,106.35,22819
Mojokerto,9.37,9.13,91.84,73.45,13903,12.99,113129.7,97.79,22845
Jombang,8.6,8.78,90.83,73.42,12454,13.61,53898.91,98.01,19407
Nganjuk,10.17,8.25,94.18,72.48,13376,13.18,36270.56,95.01,16331
Madiun,10.63,8.2,92.55,72.47,12668,13.27,25548.56,95.85,18771
Magetan,9.32,8.69,94.37,73.49,12915,14.08,24577.3,95.27,16219
Ngawi,13.81,7.84,93.13,73.39,12414,12.89,25944.84,92.76,16559
Bojonegoro,11.69,7.59,91.44,72.76,11204,13.18,101794.1,95.73,20807
Tuban,14.36,7.53,88.81,72.54,11579,12.54,87110.99,97.93,23509
Lamongan,12.16,8.48,90.11,73.41,12419,14.03,52076.88,97.63,23953
Gresik,10.32,10.03,91.25,73.5,14356,13.98,188604.5,106.44,25535
Bangkalan,18.66,6.01,87.81,70.96,9841,11.98,28738.77,100.12,18196
Sampang,20.83,5.08,87.16,68.81,9782,12.55,24881.79,98.15,22125
Pamekasan,13.41,7.17,87.22,68.48,9811,13.69,22492.18,96.19,19497
Sumenep,17.78,6.1,82.67,72.65,10156,13.59,45222.29,102.75,31643
Kota Kediri,6.51,10.92,94.78,74.87,13670,15.71,168748.9,94.38,14926
Kota Blitar,6.75,10.82,97.49,74.86,14933,14.81,9187.7,92.25,18285
Kota Malang,3.91,11.14,95.9,74.33,17791,15.79,100116.9,98.02,14324
Kota Probolinggo,6.18,9.72,96.58,71.18,13405,13.98,15374.98,94.93,12535
Kota Pasuruan,6.32,9.94,96.99,72.5,14664,13.67,11208.17,97.09,17855
Kota Mojokerto,5.57,11.38,94.02,74.29,14842,14.13,8612.33,96.58,14809
Kota Madiun,4.38,12.11,95.26,73.65,17518,14.54,18653.19,94.27,15601
Kota Surabaya,3.96,10.89,94.53,74.94,19666,14.87,772493.6,102.54,20444
Kota Batu,3.06,9.87,90.86,73.49,14253,14.58,22154.31,99.88,22857
Pandeglang,9.18,7.16,87.23,65.79,9574,13.74,35904.68,85.68,23547
Lebak,8.44,6.61,81.22,68.34,9631,12.11,37631.48,86.7,32877
Tangerang,6.55,9.06,91.69,70.88,13254,12.88,186104.2,97.83,27095
Serang,4.51,7.88,92.54,65.9,11767,12.87,102120.4,93.2,31448
Kota Tangerang,5.43,11.14,94.95,72.46,15641,13.9,224790.8,98.61,26119
Kota Cilegon,3.75,10.39,88.29,67.66,14294,13.23,137989.3,93.43,29817
Kota Serang,5.65,8.93,92.61,69.27,14603,12.83,42988.41,95.04,27670
Kota Tangerang Selatan,2.36,11.86,94.47,73.31,17028,14.7,112214,104.33,20138
Jembrana,4.51,8.7,94.9,73.51,12638,13.05,16845.01,104.36,17533
Tabanan,4.4,9.57,95.95,74.8,15297,13.29,27649.8,104.23,20267
Badung,2.23,11.14,96.16,76.18,18556,14.23,75098.2,110.56,17525
Gianyar,4,9.84,95.14,74.86,15577,14.11,33046.6,103.63,12599
Klungkung,5.3,8.74,92.18,72.5,12358,13.13,11015.49,112.89,9896
Bangli,5.06,7.58,92.58,71.63,12148,12.53,8465.6,109.08,16138
Karang Asem,6.52,6.7,90.67,71.53,11176,12.91,20210.33,102.95,9282
Buleleng,5.39,7.69,92.24,72.92,14377,13.3,41387.75,104.76,14036
Kota Denpasar,2.59,11.53,96.77,76.01,20763,14.13,65300.21,115.46,16343
Lombok Barat,12.65,6.88,90.66,68.35,12431,13.99,19159.98,107.12,17870
Lombok Tengah,12.07,6.73,88.78,67.32,11531,13.89,22604.87,101.64,18504
Lombok Timur,14.51,7.36,92.39,67.2,10571,14.07,26292.68,105.37,15167
Sumbawa,12.87,8.59,94.96,68.81,10349,13.34,18517.44,95.97,23019
Dompu,11.59,9.04,91.52,67.99,9971,13.84,9064.03,108.9,26334
Bima,13.88,8.3,92.33,67.52,9418,13.66,14756.77,111,21367
Sumbawa Barat,12.23,8.99,93.61,69.54,12841,13.68,36564.87,97.37,26785
Lombok Utara,23.96,6.4,86.04,68.43,10272,13.02,5982.72,100.83,10588
Kota Mataram,8,9.58,93.32,72.75,16514,15.68,24200.34,102.96,18635
Kota Bima,8.12,10.96,96.88,71.41,12362,15.08,5313.65,110.99,22548
Sumba Barat,26.52,7.17,95.06,67.72,8243,13.4,3005.18,99.11,12426
Sumba Timur,27.04,7.77,96.24,66.05,10280,12.87,7800.07,97.82,16481
Kupang,21.37,7.62,89.03,65.95,8508,13.9,9867.94,82.56,7693
Timor Tengah Selatan,24.68,7.21,95.96,67.03,7755,12.62,10243.24,86.09,11561
Timor Tengah Utara,20.89,8.17,96.08,67.82,7242,13.36,5155.51,85.04,11480
Belu,13.86,7.5,97.25,65.93,8159,12.32,5931.22,77.03,10836
Alor,19.87,8.61,92.75,62.62,7806,12.48,4007.68,102.16,11394
Lembata,24.22,8.27,91.7,68.12,8238,12.47,2254.76,93.55,14780
Flores Timur,11.25,8.06,92.15,66.21,8505,12.96,6445.52,93.66,13394
Sikka,11.89,6.99,89.7,68.52,9019,13.67,6755.6,89.38,13582
Ende,22.57,8.29,96.33,66.3,10009,13.83,7885.46,86.78,15737
Ngada,11.87,8.83,96.35,68.92,9585,12.75,4469.22,84.89,12422
Manggarai,19.01,7.91,89.08,67.89,8204,13.73,5943.8,102.79,16014
Rote Ndao,25.78,7.83,85.6,65.85,7365,13.23,3916.13,108.37,9886
Manggarai Barat,16.74,8.21,89.04,68.3,8195,12.54,4594.28,99.67,21024
Sumba Tengah,30.84,7.23,91.24,69.1,6743,13.14,1527.18,98.03,12996
Sumba Barat Daya,27.2,6.39,98.36,69.2,7358,13.11,4929.85,96.6,12870
Nagekeo,12.3,8.23,98.35,68.17,8986,12.69,2870.42,86.04,13444
Manggarai Timur,24.9,7.96,91.97,68.69,6561,12.66,4268.95,93.7,18094
Sabu Raijua,28.13,6.99,92.42,61.27,6207,13.19,1732.61,115.55,15377
Malaka,13.92,7.14,90.79,65.99,6879,12.83,3769.8,80.07,11156
Kota Kupang,8.24,11.64,96.47,70.84,14001,16.54,30773.41,84.59,10503
Sambas,6.53,6.76,88.39,70.11,11538,12.76,28560.99,110.04,16190
Bengkayang,6,7.41,84.06,74.42,10208,12.22,12237.93,105.48,21827
Landak,8.98,7.46,89.71,74,8868,12.54,14967.02,109.12,22650
Pontianak,4.83,7.21,89.03,71.87,9163,12.9,12512.59,103.51,21943
Sanggau,4.67,7.47,83.03,71.91,9728,11.88,26523.74,109.31,23502
Ketapang,8.5,7.68,89.61,71.64,10472,11.97,39117.19,103.67,25417
Sintang,8.03,7.65,88.05,72.72,9657,12.32,20484.66,110.81,23372
Kapuas Hulu,7.4,8.03,86.83,73.05,8470,12.23,14341.78,114.75,28532
Sekadau,5.66,7.23,84.13,72.96,8511,11.93,9431.98,105.72,22922
Melawi,10.62,7.66,81.9,73.49,9596,11.37,7234.13,110.58,25195
Kayong Utara,8.84,6.54,86.99,69.51,9016,12.2,5831.21,106.78,25905
Kubu Raya,4.08,7.05,85.68,71.44,10132,13.9,41725.56,103.68,20138
Kota Pontianak,4.2,10.47,94.8,74.15,16212,15.06,51349.89,102.16,18520
Kota Singkawang,4.53,8.22,93.15,72.98,12945,12.95,14015.4,107.89,16471
Kotawaringin Barat,4.11,8.77,92.32,71.38,14095,12.78,31220.97,106.99,33418
Kotawaringin Timur,5.66,8.18,88.57,70.51,13042,12.89,37991.11,105.91,29622
Kapuas,5.25,7.93,95.68,69.34,12265,13.01,25168.57,102.29,17930
Barito Selatan,4.83,9.22,92.61,67.86,12508,13,8898.71,103.59,21593
Barito Utara,5.67,8.92,87.96,71.8,11150,12.55,14039.32,104.95,28537
Sukamara,4.14,8.18,92.01,72.15,9809,12.17,6497.9,111.64,38264
Lamandau,3.25,8.82,92,69.98,12278,12.53,8264.76,111.64,40528
Seruyan,7.08,8.01,89.5,69.72,10474,12.04,12608.29,108.01,41963
Katingan,5.26,8.95,86.8,66.52,11691,12.99,11675.81,102.48,23014
Pulang Pisau,4.56,8.42,92.25,68.74,11207,12.52,7660.04,102.2,27264
Gunung Mas,5.68,9.37,92.4,71.1,11902,12.1,9761.74,112.63,30194
Barito Timur,6.66,9.54,89.49,69.02,12576,12.88,10914.98,102.86,21928
Murung Raya,6.58,7.94,84.7,70.04,11503,12.05,11856.6,116.04,22106
Kota Palangka Raya,3.52,11.66,95.69,73.82,15188,15.13,26236.48,101.91,17501
Tanah Laut,3.74,7.94,87.78,70.31,12595,12.43,21254.1,101.31,25029
Kota Baru,4.45,7.56,85.17,69.93,12929,12.08,37126.16,97.22,24624
Banjar,2.36,7.95,92.52,68.26,13683,13.04,24042.01,101.45,16484
Barito Kuala,4.36,7.92,90.16,67.07,11168,12.56,11350.36,110.05,18844
Tapin,3.33,8.15,85.39,71.35,13163,12.34,14407.15,99.21,26106
Hulu Sungai Selatan,3.38,8.09,90.08,67.17,14150,12.48,9901.34,93.27,15852
Hulu Sungai Tengah,5.81,8.35,96.18,67.12,13176,12.31,9366.01,99.41,18044
Hulu Sungai Utara,5.75,7.78,91.79,65.26,10981,13.21,6612.42,102.82,12612
Tabalong,5.64,9.15,86.83,71.46,13097,12.92,32643.48,100.89,18154
Tanah Bumbu,3.41,8.43,85.83,71.11,13026,12.61,35709.24,98.82,24399
Balangan,4.87,8.13,92.95,68.59,12325,13.09,21764.18,106.76,17834
Kota Banjarmasin,4.58,10.35,94.43,72.1,15714,14.01,45666.21,100,13511
Kota Banjar Baru,3.79,11,93.01,72.82,14927,14.86,14517.74,98.84,20549
Paser,8.63,8.92,73.73,73.17,12181,13.38,55429.39,114.87,28396
Kutai Barat,9.56,8.89,85.88,73.37,11903,13.36,39694.31,126.5,27227
Kutai Kartanegara,7.28,9.27,81.2,72.94,12957,13.65,204700.1,112.34,21869
Kutai Timur,8.81,9.47,78.61,73.75,12490,13.02,159497.2,123.01,33435
Berau,5.08,9.57,88.58,72.59,14101,13.37,50816.51,115.92,30398
Penajam Paser Utara,6.69,8.57,87.23,72.04,13100,12.87,23327.35,117.84,25033
Mahakam Hulu,10.75,8.5,83.61,72.65,9126,12.78,3773.97,137.82,28930
Kota Balikpapan,2.23,10.99,90.34,75.1,16854,14.25,153567.1,111.89,19961
Kota Samarinda,4.3,10.95,90.36,74.9,16160,15.4,98414.87,107.21,18389
Kota Bontang,3.74,10.97,88.35,74.88,18394,13.73,68418.31,118.4,15466
Malinau,6.94,9.63,83.06,71.53,11190,13.35,18207.27,103.83,29290
Bulungan,8.76,9.23,86.03,72.81,10581,13.25,25752.4,109.68,24605
Tana Tidung,4.47,9.24,79.56,71.57,8707,12.61,9297.34,105.9,23824
Nunukan,5.73,8.39,84.5,71.44,8265,12.69,40543.37,107.83,22420
Kota Tarakan,5.56,10.37,92.79,74.11,12451,14.22,56213.8,110.5,19905
Bolaang Mongondow,7.74,8.38,89.12,70.31,11507,11.65,11515.68,95.66,29488
Minahasa,6.53,10.23,96.88,72.11,13681,14.19,24046.51,99.4,20579
Kepulauan Sangihe,10.84,8.65,95.82,70.99,12409,12.61,6169.06,107.88,15007
Kepulauan Talaud,8.17,9.96,98.2,71.21,9512,12.67,3097.95,119.96,14954
Minahasa Selatan,8.97,9.43,89.76,70.94,12529,13.02,12603.99,98.06,16259
Minahasa Utara,6.95,10.35,96.62,72.27,12412,13.08,20381.67,104.99,15675
Bolaang Mongondow Utara,7.88,8.61,87.86,68.56,10170,12.39,3544.12,91.43,21988
Siau Tagulandang Biaro,8.32,9.43,89.44,71.87,9062,12.04,3390.53,111.92,18388
Minahasa Tenggara,11.72,9.14,92.84,71.17,11511,12.6,7354.83,97.07,18989
Bolaang Mongondow Selatan,11.33,8.28,81.59,65.11,10114,12.34,2974.36,92.21,24825
Bolaang Mongondow Timur,5.87,8.29,91.76,68.73,10191,11.91,4170.2,97.49,33267
Kota Manado,5.43,11.46,96.86,72.78,15301,14.2,53015.01,104.66,19981
Kota Bitung,6.27,9.96,94.81,71.95,13539,12.67,24752.02,97.34,23412
Kota Tomohon,5.38,11.03,99.56,73.17,13045,14.38,5879.93,99.69,19246
Kota Kotamobagu,5.12,10.35,95.64,71.63,12074,13.05,5214.65,97.72,25857
Banggai Kepulauan,12.32,8.7,92.86,67.08,8375,13.11,5377.32,94.27,19489
Banggai,6.56,8.81,91.73,71.09,10772,13.35,40737.03,97.81,22097
Morowali,11.55,9.38,85.42,69.41,12281,13.39,173865,104.11,41904
Poso,14.23,9.54,97.23,71.34,9948,13.75,12738.41,92.44,20907
Donggala,15.3,8,89.5,68.01,9117,12.62,16527.22,86.67,21891
Toli-Toli,12.45,8.91,90.6,67.03,8918,13.17,11074.94,92.06,17977
Buol,13.08,9.2,90.22,69.99,9051,13.18,7791,90.82,24447
Parigi Moutong,14.2,8.05,92.66,64.66,10846,12.52,23475.94,86.43,23090
Tojo Una-Una,16.36,8.56,92.02,66.6,8863,12.43,7354.21,87.91,23875
Sigi,12.06,9.04,94.37,70.48,9254,13.13,12562.35,79.28,22247
Banggai Laut,13.78,8.65,92.73,66.31,8776,13.04,3223.42,96.18,20980
Morowali Utara,11.95,9.13,97.06,70.06,10032,12.44,30233.51,103.88,33477
Kota Palu,5.94,11.75,98.57,71.56,15941,16.52,32918.74,85.25,16326
Kepulauan Selayar,10.79,8.49,92.39,69.26,10235,12.84,8340.51,98.85,20710
Bulukumba,6.71,8.52,96,69,11807,13.45,20224.35,95.11,16192
Bantaeng,8.26,7.26,95.33,71.3,12719,12.79,13451.36,93.7,22413
Jeneponto,11.82,7.01,92.39,67.16,10158,12.14,13057.09,96.27,17490
Takalar,7.75,7.73,88.24,68.11,11679,12.5,13428.09,93.14,16285
Gowa,6.85,8.53,88.91,71.06,10700,13.71,30748.66,95.17,23362
Sinjai,7.82,7.82,98.3,68.13,10665,13.27,15974.77,91.19,15249
Maros,9.32,8.05,89.61,69.68,12209,13.51,28624,96.64,20450
Pangkajene Dan Kepulauan,12.41,8.47,91.35,67.59,12643,12.81,34607.22,91.49,17576
Barru,8.31,8.8,95.74,69.73,12058,13.63,9891.13,92.49,17556
Bone,9.58,7.55,93.63,68.1,10084,13.02,50015.24,97.16,15637
Soppeng,6.9,8.45,97.34,70.79,10547,13.22,16099.18,95.82,17053
Wajo,6.47,7.46,90.65,68.32,13608,13.32,25954.22,95.05,21433
Sidenreng Rappang,5.02,8.21,92.6,71.03,13209,13.03,19614.67,91.49,24503
Pinrang,8.55,8.53,95.86,70.65,13010,13.28,26653.4,93.05,17145
Enrekang,11.25,9.11,98.14,71.51,12138,13.88,10467.33,97.92,19234
Luwu,11.7,8.81,92.83,71.23,11121,13.43,22952.23,101.41,19862
Tana Toraja,10.79,8.77,89.05,74.23,8319,14.1,10158.53,99.64,15540
Luwu Utara,11.24,8.37,90.33,69.67,12866,12.61,19688.66,99.17,26885
Luwu Timur,6.55,8.94,90.44,71.42,13867,13.18,30391.94,102.25,26933
Toraja Utara,10.73,8.54,88.43,74,9292,13.43,13257.86,100.23,19251
Kota Makassar,4.97,11.57,94.99,72.78,18386,15.62,243062.7,96.06,16864
Kota Parepare,5.27,10.88,97.24,71.98,14928,14.55,9972.18,90.66,15900
Kota Palopo,7.35,11.16,97.58,71.6,14369,15.13,11083.92,99.31,23658
Buton,13.99,8.63,82.07,68.67,8401,13.89,5297.27,99.31,10780
Muna,13.78,8.71,88.37,70.67,9107,14.17,9489.41,91.8,9923
Konawe,13.25,9.69,93.81,70.52,11415,13.05,20747.72,87.71,23462
Kolaka,11.67,9.38,90.42,71.56,13534,13.04,38163.39,88.35,20787
Konawe Selatan,11.2,8.76,88.61,71.1,10250,12.79,17760.39,92.73,18192
Bombana,10.54,8.1,86.08,69.49,9692,11.91,9155.32,94.69,24754
Wakatobi,14.36,8.53,89.58,70.87,10739,13.53,6139.54,109.48,15901
Kolaka Utara,13.51,8.82,98.72,70.56,11650,12.22,12280.7,92.14,25319
Buton Utara,14.09,9.24,92.53,71.09,8746,13.32,4274.35,99.85,16582
Konawe Utara,13.17,9.61,87.38,69.78,10658,13.13,5707.11,95.66,31178
Kolaka Timur,13.71,8.43,99.26,73.13,9012,12.71,6137.26,88.47,20349
Konawe Kepulauan,15.54,9.46,86.43,68.6,7996,12.55,1972.34,95.91,26022
Muna Barat,13.38,8.09,89.71,70.55,8458,12.74,3541.18,91.91,15170
Buton Tengah,14.4,7.35,83.79,68.03,8434,13.22,3170.06,103.09,9701
Buton Selatan,14.28,7.75,74.51,67.97,8386,13.36,3826.6,98.8,8340
Kota Kendari,4.23,12.55,95.14,74.23,15651,16.92,30020.83,87.53,16859
Kota Baubau,7.4,11.03,91.35,71.67,11755,15.53,12204.79,95.6,12651
Boalemo,17.83,7.31,83.61,70.11,10401,12.49,6983.74,101.37,21426
Gorontalo,16.43,7.95,84,68.23,10645,13.22,17095.53,97.5,17966
Pohuwato,17.11,7.78,92.39,65.18,11618,12.48,8579.42,95.33,21603
Bone Bolango,14.8,8.52,89.26,69.49,11717,13.69,6049.22,94.7,19564
Gorontalo Utara,16.86,7.4,82.8,66.95,10476,12.5,4414.26,94.71,23667
Kota Gorontalo,5.74,10.41,88.47,73.55,13860,14.59,11236.71,95.64,19574
Majene,13.64,9.46,95.16,62.89,10909,13.72,6495.83,85.05,10112
Polewali Mandar,15.66,7.72,92.25,63.46,9536,13.5,17770.78,84.07,21800
Mamasa,14.2,8.13,98.37,71.58,8415,12.6,3771.84,105.24,12943
Mamuju,7.15,8.35,90.92,69.02,10440,13.29,16024.07,89.76,20536
Mamuju Utara,5.21,8.13,86.14,67.66,12190,12.09,15578.92,97.28,33473
Mamuju Tengah,7.72,7.94,86.74,69.68,9250,12.68,4554.87,90.07,21343
Maluku Tenggara Barat,23.66,9.92,87.55,64.11,7091,12.34,3618.17,111.8,11218
Maluku Tenggara,21.22,9.84,96.78,66.02,8553,12.91,4408.47,110.87,16059
Maluku Tengah,17.67,9.79,98.33,67.26,11183,14.67,11454.45,100.76,19292
Buru,16.08,9.02,91.82,67.21,11261,13.24,3167.11,100.55,29741
Kepulauan Aru,23.39,9.21,89.52,63.76,8488,12.37,4761.49,110.07,14554
Seram Bagian Barat,22.31,9.59,98.4,62.9,9706,13.7,4077.23,101.88,15310
Seram Bagian Timur,21.03,9,88.83,60.8,10049,12.92,3683.51,101.03,15076
Maluku Barat Daya,27.95,9.13,90.65,63.7,7600,12.71,3197.15,119.46,8891
Buru Selatan,14.91,8.48,87.26,67.15,8474,12.85,1886.86,106.08,12664
Kota Ambon,5.13,12.24,97.95,71.62,15196,16.08,19835.88,100.41,20799
Kota Tual,20.01,10.67,88.82,67.01,8238,14.02,3417.23,110.62,15872
Halmahera Barat,8.75,8.59,89.3,67.13,8426,13.25,2947.03,107.49,22791
Halmahera Tengah,10.71,9.2,90.6,65.35,9140,13.52,32302.24,116.67,47983
Kepulauan Sula,7.96,9.17,93.19,64.22,8020,12.98,3378.21,122.44,14162
Halmahera Selatan,5.63,8.42,87.79,66.71,8210,13.04,21047.79,105.72,26382
Halmahera Utara,4.71,8.67,90.25,70.35,8607,13.69,7180.76,108.77,19822
Halmahera Timur,11.91,8.88,82.69,70.04,8999,12.89,5395.88,114.43,35162
Pulau Morotai,5.11,7.73,72.61,68.39,7523,13.02,2028.83,120.55,19925
Pulau Taliabu,7.13,7.99,84.93,63.05,7226,12.88,2110.6,114.13,25791
Kota Ternate,3.14,12.08,92.24,71.98,14731,15.92,15212.53,122.4,32158
Kota Tidore Kepulauan,6.56,10.12,96.59,70.22,9269,14.49,3851.61,109.84,33564
Fakfak,20.86,9.32,84.45,69.16,8159,14.79,6310.53,121.38,34753
Kaimana,14.41,8.97,84.88,65.86,9242,12.51,3095.88,120.34,25682
Teluk Wondama,28.47,7.38,80.36,61.08,8887,11.91,1856.1,115.25,31632
Teluk Bintuni,26.99,8.67,86.63,62.04,10592,12.62,52360.36,130.92,36416
Manokwari,18.45,8.67,85.37,69.8,13008,13.79,11326.6,113.78,30723
Manokwari Selatan,26.83,7.17,67.91,68.26,6139,12.78,1018.12,121.72,28698
Pegunungan Arfak,31.76,5.72,79.96,67.84,5722,11.8,359.21,153.69,27419
Raja Ampat,15.83,8.4,79.58,65.56,8761,12.12,4103.89,123.94,33316
Sorong,25.71,8.74,86.89,67.12,8283,14.08,12449.8,116.59,6655
Sorong Selatan,17.83,7.76,84.04,67.14,6928,13.29,2339.03,118.81,29541
Maybrat,29.18,7.44,79.46,65.97,5824,13.51,863.41,130.71,20091
Tambrauw,29.88,5.89,71.22,61.35,5489,12.45,304.95,130.55,31858
Kota Sorong,13.67,11.57,92.17,71.97,14368,14.43,17127.37,113.71,19094
Jayapura,11.6,10.57,91.63,68.08,10848,14.59,20429.12,110.3,19813
Kepulauan Yapen,25.69,9.71,89.94,69.83,8409,12.82,5274.71,132.2,37408
Biak Numfor,23.46,10.55,91.36,68.97,10600,14.24,6557.13,128.26,20206
Sarmi,14.05,9.61,84.28,67.38,7499,12.38,3824.65,138.87,2794
Keerom,15.84,8.58,88.13,67.44,9967,12.52,3617.58,133.04,23932
Waropen,29.85,9.42,72.28,67.11,7569,12.85,2451.54,144.6,3753
Supiori,37.72,9.21,78.85,66.93,6474,13.2,1245.82,134.73,6613
Mamberamo Raya,30.29,6.49,83.53,58.71,5298,12.04,2305.49,175.63,7179
Kota Jayapura,10.72,12.07,94.72,71.41,15408,15.27,39814.97,125.66,11990
Merauke,10.19,9.37,89.83,67.77,11077,14.48,20349.76,138.95,28593
Boven Digoel,19.24,9.42,80.79,61.21,8616,11.67,5866.71,139.28,30667
Mappi,25.7,7.16,85.91,66.01,7068,11.29,3833.76,147.15,25028
Asmat,24.5,5.82,58.04,59.36,6262,9.71,3409.89,146.77,14044
Mimika,14.18,10.72,78.38,73.06,12487,13.16,146297.6,121.9,17412
Dogiyai,30.03,4.98,82.19,66.5,6755,10.63,1646.91,172.02,13293
Deiyai,39.01,3.29,72.05,66.07,5509,9.86,1767.09,180.72,1190
Nabire,24,10.42,91.48,69.02,9856,12.82,14968.19,125.32,34043
Paniai,37.07,4.81,70.36,67.38,7470,10.54,5338.66,177.76,13534
Intan Jaya,41.42,3.28,73.67,66.18,6463,7.7,1465.43,342.93,30172
Puncak,37.49,2.39,86.98,66.53,6363,5.6,1772.12,379.81,4936
Puncak Jaya,35.94,4.42,69.64,66.04,6091,7.53,1663.89,334.69,28530
Nduga,36.28,1.92,90.84,55.74,4597,4.45,1629.54,230.13,44834
Jayawijaya,32.28,5.99,86.08,60.65,8534,12.85,11448.01,242.78,20456
Lanny Jaya,34.12,3.83,94.41,66.62,5026,9.44,2493.09,257.73,9047
Tolikara,31.22,3.69,63.77,66.53,5653,9.03,2175.55,288.59,7015
Mamberamo Tengah,35.27,3.7,90.21,64.18,4943,9.78,1554.03,285.83,20283
Yalimo,30.02,3.55,86.44,66.12,5226,9.8,1708.8,243.53,42812
Yahukimo,33.82,4.35,76.67,66.55,5747,8.05,3157.26,169.54,16757
Pegunungan Bintang,28.95,3.51,82.99,65.17,6196,7.01,2527.83,302.53,31640
